id,user_id,user_login,user_name,license,image_url
92033012,1494112,le0nb,Leon Billows,CC0,https://inaturalist-open-data.s3.amazonaws.com/photos/152531055/medium.jpg
96663348,1494112,le0nb,Leon Billows,CC0,https://inaturalist-open-data.s3.amazonaws.com/photos/160621690/medium.jpg
96663365,1494112,le0nb,Leon Billows,CC0,https://inaturalist-open-data.s3.amazonaws.com/photos/160621732/medium.jpg
102842536,2108179,thomas_ferguson,Tom Ferguson,CC0,https://inaturalist-open-data.s3.amazonaws.com/photos/171999072/medium.jpeg
106299231,1894324,bryanhawke,Bryan Menger,CC0,https://inaturalist-open-data.s3.amazonaws.com/photos/178550082/medium.jpeg
145880506,3999970,raewyna,Raewyn Adams,CC0,https://static.inaturalist.org/photos/250673976/medium.jpg
146191059,4415634,katie931,Katie Harrison,CC0,https://inaturalist-open-data.s3.amazonaws.com/photos/251285788/medium.jpeg
149929791,57863,sdjbrown,Samuel Brown,CC0,https://inaturalist-open-data.s3.amazonaws.com/photos/258432438/medium.jpg
168050014,57863,sdjbrown,Samuel Brown,CC0,https://inaturalist-open-data.s3.amazonaws.com/photos/291192745/medium.jpg
195444610,3009611,awhesian,Awhesian,CC0,https://inaturalist-open-data.s3.amazonaws.com/photos/343838519/medium.jpg
197725220,1710045,alexandra241,Alexandra Gillespie,CC0,https://inaturalist-open-data.s3.amazonaws.com/photos/348318875/medium.jpg
201966216,2471594,kizzie1,Kizzie,CC0,https://inaturalist-open-data.s3.amazonaws.com/photos/356608793/medium.jpeg
205217190,1878873,stekkelpak,Zolt谩n Stekkelpak,CC0,https://inaturalist-open-data.s3.amazonaws.com/photos/362829522/medium.jpg
225836624,347181,georgiasteel,,CC0,https://inaturalist-open-data.s3.amazonaws.com/photos/400450414/medium.jpeg
227244952,176845,rich_fuller,Richard Fuller,CC0,https://inaturalist-open-data.s3.amazonaws.com/photos/403114233/medium.jpeg
244783587,817411,gvppy,Ross Laing,CC0,https://inaturalist-open-data.s3.amazonaws.com/photos/436690705/medium.jpeg
255139033,3999970,raewyna,Raewyn Adams,CC0,https://static.inaturalist.org/photos/457161991/medium.jpg
81830450,58205,jefffryett,Jeff Fryett,CC-BY,https://inaturalist-open-data.s3.amazonaws.com/photos/134247246/medium.jpeg
82085239,773820,kelvinperrie,Kelvin Perrie,CC-BY,https://inaturalist-open-data.s3.amazonaws.com/photos/134691328/medium.jpeg
82635397,2779765,eyrezer,,CC-BY,https://inaturalist-open-data.s3.amazonaws.com/photos/135646711/medium.jpg
85429714,773820,kelvinperrie,Kelvin Perrie,CC-BY,https://inaturalist-open-data.s3.amazonaws.com/photos/140560983/medium.jpeg
86358280,59227,lisa_bennett,Lisa Bennett,CC-BY,https://inaturalist-open-data.s3.amazonaws.com/photos/142253258/medium.jpeg
88866418,773820,kelvinperrie,Kelvin Perrie,CC-BY,https://inaturalist-open-data.s3.amazonaws.com/photos/146679600/medium.jpeg
91818887,773820,kelvinperrie,Kelvin Perrie,CC-BY,https://inaturalist-open-data.s3.amazonaws.com/photos/151941086/medium.jpg
94904991,2779765,eyrezer,,CC-BY,https://inaturalist-open-data.s3.amazonaws.com/photos/157489228/medium.jpg
97709028,4733620,oscar_dove,Oscar Dove,CC-BY,https://inaturalist-open-data.s3.amazonaws.com/photos/162541472/medium.jpeg
99284959,773820,kelvinperrie,Kelvin Perrie,CC-BY,https://inaturalist-open-data.s3.amazonaws.com/photos/165476447/medium.jpeg
99286538,773820,kelvinperrie,Kelvin Perrie,CC-BY,https://inaturalist-open-data.s3.amazonaws.com/photos/165478096/medium.jpeg
99286539,773820,kelvinperrie,Kelvin Perrie,CC-BY,https://inaturalist-open-data.s3.amazonaws.com/photos/165478169/medium.jpeg
100106912,4688092,alexandra657,Alexandra Murphy,CC-BY,https://static.inaturalist.org/photos/167034101/medium.jpeg
100743223,1180658,katiej,Katie Jenkins,CC-BY,https://inaturalist-open-data.s3.amazonaws.com/photos/168171576/medium.jpeg
101057620,773820,kelvinperrie,Kelvin Perrie,CC-BY,https://inaturalist-open-data.s3.amazonaws.com/photos/168725887/medium.jpeg
102651778,218732,catchwords,,CC-BY,https://inaturalist-open-data.s3.amazonaws.com/photos/171643953/medium.jpg
103621908,727377,joedillon,Joe Dillon,CC-BY,https://inaturalist-open-data.s3.amazonaws.com/photos/173472759/medium.jpeg
105730328,773820,kelvinperrie,Kelvin Perrie,CC-BY,https://inaturalist-open-data.s3.amazonaws.com/photos/177466292/medium.jpeg
105735041,883012,predomalpha,Javier,CC-BY,https://inaturalist-open-data.s3.amazonaws.com/photos/177399583/medium.jpeg
105738055,773820,kelvinperrie,Kelvin Perrie,CC-BY,https://inaturalist-open-data.s3.amazonaws.com/photos/177480189/medium.jpeg
105738451,57805,shaun-lee,Shaun Lee,CC-BY,https://inaturalist-open-data.s3.amazonaws.com/photos/177480395/medium.jpg
105740212,773820,kelvinperrie,Kelvin Perrie,CC-BY,https://inaturalist-open-data.s3.amazonaws.com/photos/177483610/medium.jpeg
106109758,4733620,oscar_dove,Oscar Dove,CC-BY,https://inaturalist-open-data.s3.amazonaws.com/photos/178189200/medium.jpeg
106112551,727377,joedillon,Joe Dillon,CC-BY,https://inaturalist-open-data.s3.amazonaws.com/photos/178194616/medium.jpeg
106636790,883012,predomalpha,Javier,CC-BY,https://inaturalist-open-data.s3.amazonaws.com/photos/179170270/medium.jpeg
107737442,773820,kelvinperrie,Kelvin Perrie,CC-BY,https://inaturalist-open-data.s3.amazonaws.com/photos/181259996/medium.jpeg
108624013,57805,shaun-lee,Shaun Lee,CC-BY,https://inaturalist-open-data.s3.amazonaws.com/photos/182922506/medium.jpg
109980465,4733620,oscar_dove,Oscar Dove,CC-BY,https://inaturalist-open-data.s3.amazonaws.com/photos/185459042/medium.jpeg
109981277,4733620,oscar_dove,Oscar Dove,CC-BY,https://inaturalist-open-data.s3.amazonaws.com/photos/185460656/medium.jpeg
111065525,84804,emily_r,Emily Roberts,CC-BY,https://inaturalist-open-data.s3.amazonaws.com/photos/187446857/medium.jpg
112594989,773820,kelvinperrie,Kelvin Perrie,CC-BY,https://inaturalist-open-data.s3.amazonaws.com/photos/190184513/medium.jpeg
113193054,218732,catchwords,,CC-BY,https://inaturalist-open-data.s3.amazonaws.com/photos/191257780/medium.jpeg
113334623,773820,kelvinperrie,Kelvin Perrie,CC-BY,https://inaturalist-open-data.s3.amazonaws.com/photos/191500879/medium.jpeg
113334640,773820,kelvinperrie,Kelvin Perrie,CC-BY,https://inaturalist-open-data.s3.amazonaws.com/photos/191501275/medium.jpeg
114067639,773820,kelvinperrie,Kelvin Perrie,CC-BY,https://inaturalist-open-data.s3.amazonaws.com/photos/192657360/medium.jpeg
114141794,773820,kelvinperrie,Kelvin Perrie,CC-BY,https://inaturalist-open-data.s3.amazonaws.com/photos/192781361/medium.jpeg
114447752,84804,emily_r,Emily Roberts,CC-BY,https://inaturalist-open-data.s3.amazonaws.com/photos/193256129/medium.jpeg
114498643,58645,naturewatchwidow,,CC-BY,https://inaturalist-open-data.s3.amazonaws.com/photos/193344153/medium.jpeg
115035423,57754,leonperrie,Leon Perrie,CC-BY,https://inaturalist-open-data.s3.amazonaws.com/photos/194164071/medium.jpeg
115035424,57754,leonperrie,Leon Perrie,CC-BY,https://inaturalist-open-data.s3.amazonaws.com/photos/194163696/medium.jpeg
116079675,138207,christopherstephens,Christopher Stephens,CC-BY,https://inaturalist-open-data.s3.amazonaws.com/photos/195907310/medium.jpeg
116079725,138207,christopherstephens,Christopher Stephens,CC-BY,https://inaturalist-open-data.s3.amazonaws.com/photos/195908515/medium.jpeg
116199691,2730732,harrylurling,,CC-BY,https://inaturalist-open-data.s3.amazonaws.com/photos/196120666/medium.jpeg
127458563,773820,kelvinperrie,Kelvin Perrie,CC-BY,https://inaturalist-open-data.s3.amazonaws.com/photos/216389100/medium.jpeg
127459457,773820,kelvinperrie,Kelvin Perrie,CC-BY,https://inaturalist-open-data.s3.amazonaws.com/photos/216390748/medium.jpeg
133587909,218732,catchwords,,CC-BY,https://inaturalist-open-data.s3.amazonaws.com/photos/227565729/medium.jpeg
140033870,773820,kelvinperrie,Kelvin Perrie,CC-BY,https://inaturalist-open-data.s3.amazonaws.com/photos/239635906/medium.jpeg
141348310,773820,kelvinperrie,Kelvin Perrie,CC-BY,https://inaturalist-open-data.s3.amazonaws.com/photos/242130190/medium.jpeg
141512863,1513074,richardlitt,Richard Littauer,CC-BY,https://inaturalist-open-data.s3.amazonaws.com/photos/242454413/medium.jpg
142111527,773820,kelvinperrie,Kelvin Perrie,CC-BY,https://inaturalist-open-data.s3.amazonaws.com/photos/243590926/medium.jpeg
142111548,773820,kelvinperrie,Kelvin Perrie,CC-BY,https://inaturalist-open-data.s3.amazonaws.com/photos/243591413/medium.jpeg
143545420,1513074,richardlitt,Richard Littauer,CC-BY,https://inaturalist-open-data.s3.amazonaws.com/photos/246194765/medium.jpg
143545428,1513074,richardlitt,Richard Littauer,CC-BY,https://inaturalist-open-data.s3.amazonaws.com/photos/246194817/medium.jpg
143915242,773820,kelvinperrie,Kelvin Perrie,CC-BY,https://inaturalist-open-data.s3.amazonaws.com/photos/246901851/medium.jpeg
143915243,773820,kelvinperrie,Kelvin Perrie,CC-BY,https://inaturalist-open-data.s3.amazonaws.com/photos/246901861/medium.jpeg
144278458,773820,kelvinperrie,Kelvin Perrie,CC-BY,https://inaturalist-open-data.s3.amazonaws.com/photos/247594649/medium.jpeg
144329764,773820,kelvinperrie,Kelvin Perrie,CC-BY,https://inaturalist-open-data.s3.amazonaws.com/photos/247692011/medium.jpeg
144570243,15329,stephen_thorpe,Stephen Thorpe,CC-BY,https://inaturalist-open-data.s3.amazonaws.com/photos/248153228/medium.jpg
144901482,4701131,anna_l1,Anna L,CC-BY,https://inaturalist-open-data.s3.amazonaws.com/photos/248804535/medium.jpeg
144959263,57805,shaun-lee,Shaun Lee,CC-BY,https://inaturalist-open-data.s3.amazonaws.com/photos/248914706/medium.jpg
145157215,57805,shaun-lee,Shaun Lee,CC-BY,https://inaturalist-open-data.s3.amazonaws.com/photos/249301651/medium.jpg
145816646,6305922,berardom,Michael Berardozzi,CC-BY,https://inaturalist-open-data.s3.amazonaws.com/photos/250549419/medium.jpg
145945505,57516,ecoman,Mike Bowie,CC-BY,https://inaturalist-open-data.s3.amazonaws.com/photos/250801870/medium.jpeg
146001782,57805,shaun-lee,Shaun Lee,CC-BY,https://inaturalist-open-data.s3.amazonaws.com/photos/250910257/medium.jpg
146092319,4701131,anna_l1,Anna L,CC-BY,https://inaturalist-open-data.s3.amazonaws.com/photos/251092507/medium.jpeg
146578389,58645,naturewatchwidow,,CC-BY,https://inaturalist-open-data.s3.amazonaws.com/photos/252034200/medium.jpeg
146751623,3914175,boytouchgrass,,CC-BY,https://inaturalist-open-data.s3.amazonaws.com/photos/252377363/medium.jpg
146751761,3914175,boytouchgrass,,CC-BY,https://inaturalist-open-data.s3.amazonaws.com/photos/252377685/medium.jpg
149012533,4819304,michael_baden,Michael Andresek,CC-BY,https://inaturalist-open-data.s3.amazonaws.com/photos/256709218/medium.jpeg
149682708,773820,kelvinperrie,Kelvin Perrie,CC-BY,https://inaturalist-open-data.s3.amazonaws.com/photos/257962477/medium.jpeg
149683424,773820,kelvinperrie,Kelvin Perrie,CC-BY,https://inaturalist-open-data.s3.amazonaws.com/photos/257964144/medium.jpeg
150999388,773820,kelvinperrie,Kelvin Perrie,CC-BY,https://inaturalist-open-data.s3.amazonaws.com/photos/260469870/medium.jpeg
151108590,1910832,chrisangell,Chris Angell,CC-BY,https://inaturalist-open-data.s3.amazonaws.com/photos/260678993/medium.jpeg
151567618,773820,kelvinperrie,Kelvin Perrie,CC-BY,https://inaturalist-open-data.s3.amazonaws.com/photos/261535333/medium.jpeg
151567637,773820,kelvinperrie,Kelvin Perrie,CC-BY,https://inaturalist-open-data.s3.amazonaws.com/photos/261536105/medium.jpeg
151890064,883012,predomalpha,Javier,CC-BY,https://inaturalist-open-data.s3.amazonaws.com/photos/262142891/medium.jpeg
151999168,413966,sebastiandoak,Sebastian Doak,CC-BY,https://inaturalist-open-data.s3.amazonaws.com/photos/262339431/medium.jpg
152297111,84804,emily_r,Emily Roberts,CC-BY,https://inaturalist-open-data.s3.amazonaws.com/photos/262887975/medium.jpg
152343491,6321,rdmpage,Roderic Page,CC-BY,https://inaturalist-open-data.s3.amazonaws.com/photos/262978288/medium.jpg
152582473,84804,emily_r,Emily Roberts,CC-BY,https://inaturalist-open-data.s3.amazonaws.com/photos/263420167/medium.jpeg
152989531,773820,kelvinperrie,Kelvin Perrie,CC-BY,https://inaturalist-open-data.s3.amazonaws.com/photos/264172780/medium.jpeg
152989548,773820,kelvinperrie,Kelvin Perrie,CC-BY,https://inaturalist-open-data.s3.amazonaws.com/photos/264174794/medium.jpeg
154196917,3266996,susanprior,Susan Prior,CC-BY,https://inaturalist-open-data.s3.amazonaws.com/photos/266396004/medium.jpg
155124999,567690,joepdeligt,Joep de Ligt,CC-BY,https://inaturalist-open-data.s3.amazonaws.com/photos/268106853/medium.jpeg
156195064,57754,leonperrie,Leon Perrie,CC-BY,https://inaturalist-open-data.s3.amazonaws.com/photos/270063976/medium.jpeg
157459412,57754,leonperrie,Leon Perrie,CC-BY,https://inaturalist-open-data.s3.amazonaws.com/photos/272253915/medium.jpeg
157743191,773820,kelvinperrie,Kelvin Perrie,CC-BY,https://inaturalist-open-data.s3.amazonaws.com/photos/272693530/medium.jpeg
157749518,773820,kelvinperrie,Kelvin Perrie,CC-BY,https://inaturalist-open-data.s3.amazonaws.com/photos/272700558/medium.jpeg
157990123,773820,kelvinperrie,Kelvin Perrie,CC-BY,https://inaturalist-open-data.s3.amazonaws.com/photos/273101686/medium.jpeg
157990953,773820,kelvinperrie,Kelvin Perrie,CC-BY,https://inaturalist-open-data.s3.amazonaws.com/photos/273102627/medium.jpeg
158320931,773820,kelvinperrie,Kelvin Perrie,CC-BY,https://inaturalist-open-data.s3.amazonaws.com/photos/273625577/medium.jpeg
158403990,773820,kelvinperrie,Kelvin Perrie,CC-BY,https://inaturalist-open-data.s3.amazonaws.com/photos/273760919/medium.jpeg
158601285,84804,emily_r,Emily Roberts,CC-BY,https://inaturalist-open-data.s3.amazonaws.com/photos/274064042/medium.jpg
161511002,57805,shaun-lee,Shaun Lee,CC-BY,https://inaturalist-open-data.s3.amazonaws.com/photos/279164032/medium.jpg
163761779,84804,emily_r,Emily Roberts,CC-BY,https://inaturalist-open-data.s3.amazonaws.com/photos/283279521/medium.jpeg
164164008,58645,naturewatchwidow,,CC-BY,https://inaturalist-open-data.s3.amazonaws.com/photos/284015374/medium.jpeg
165836203,84804,emily_r,Emily Roberts,CC-BY,https://inaturalist-open-data.s3.amazonaws.com/photos/287111651/medium.jpeg
168617328,773820,kelvinperrie,Kelvin Perrie,CC-BY,https://inaturalist-open-data.s3.amazonaws.com/photos/292249424/medium.jpeg
168617337,773820,kelvinperrie,Kelvin Perrie,CC-BY,https://inaturalist-open-data.s3.amazonaws.com/photos/292249965/medium.jpeg
169354050,138207,christopherstephens,Christopher Stephens,CC-BY,https://inaturalist-open-data.s3.amazonaws.com/photos/293589946/medium.jpeg
169545554,773820,kelvinperrie,Kelvin Perrie,CC-BY,https://inaturalist-open-data.s3.amazonaws.com/photos/293956249/medium.jpeg
183068189,138207,christopherstephens,Christopher Stephens,CC-BY,https://inaturalist-open-data.s3.amazonaws.com/photos/319308293/medium.jpeg
185697309,84804,emily_r,Emily Roberts,CC-BY,https://inaturalist-open-data.s3.amazonaws.com/photos/324361170/medium.jpeg
186656952,773820,kelvinperrie,Kelvin Perrie,CC-BY,https://inaturalist-open-data.s3.amazonaws.com/photos/326248170/medium.jpeg
186657189,773820,kelvinperrie,Kelvin Perrie,CC-BY,https://inaturalist-open-data.s3.amazonaws.com/photos/326248468/medium.jpeg
187880633,924314,jacksonfrost,Jackson Frost,CC-BY,https://static.inaturalist.org/photos/328661388/medium.jpeg
188345022,924314,jacksonfrost,Jackson Frost,CC-BY,https://static.inaturalist.org/photos/329617597/medium.jpeg
190259866,2354731,patricklam2,Patrick Lam,CC-BY,https://inaturalist-open-data.s3.amazonaws.com/photos/333477210/medium.jpeg
190864090,7253179,caitlin_v,Caitl铆n Valins,CC-BY,https://inaturalist-open-data.s3.amazonaws.com/photos/334689883/medium.jpeg
191241100,883012,predomalpha,Javier,CC-BY,https://inaturalist-open-data.s3.amazonaws.com/photos/335435901/medium.jpeg
193547665,57696,hurunui,,CC-BY,https://static.inaturalist.org/photos/340007876/medium.jpg
194004773,6321,rdmpage,Roderic Page,CC-BY,https://inaturalist-open-data.s3.amazonaws.com/photos/340905036/medium.jpg
196003681,773820,kelvinperrie,Kelvin Perrie,CC-BY,https://inaturalist-open-data.s3.amazonaws.com/photos/344968813/medium.jpeg
196003693,773820,kelvinperrie,Kelvin Perrie,CC-BY,https://inaturalist-open-data.s3.amazonaws.com/photos/344969427/medium.jpeg
196092516,773820,kelvinperrie,Kelvin Perrie,CC-BY,https://inaturalist-open-data.s3.amazonaws.com/photos/345144387/medium.jpeg
196093714,773820,kelvinperrie,Kelvin Perrie,CC-BY,https://inaturalist-open-data.s3.amazonaws.com/photos/345146573/medium.jpeg
196093718,773820,kelvinperrie,Kelvin Perrie,CC-BY,https://inaturalist-open-data.s3.amazonaws.com/photos/345146752/medium.jpeg
196149238,773820,kelvinperrie,Kelvin Perrie,CC-BY,https://inaturalist-open-data.s3.amazonaws.com/photos/345257027/medium.jpeg
196149707,773820,kelvinperrie,Kelvin Perrie,CC-BY,https://inaturalist-open-data.s3.amazonaws.com/photos/345257803/medium.jpeg
196308008,773820,kelvinperrie,Kelvin Perrie,CC-BY,https://inaturalist-open-data.s3.amazonaws.com/photos/345575227/medium.jpeg
197126139,883012,predomalpha,Javier,CC-BY,https://inaturalist-open-data.s3.amazonaws.com/photos/347111406/medium.jpeg
197266503,7235923,mircaf,Mirca Fredrick,CC-BY,https://inaturalist-open-data.s3.amazonaws.com/photos/347395727/medium.jpeg
197592931,164030,darmozrac,,CC-BY,https://inaturalist-open-data.s3.amazonaws.com/photos/348058884/medium.jpeg
198118012,1620186,frankashwood,Frank Ashwood,CC-BY,https://inaturalist-open-data.s3.amazonaws.com/photos/349114831/medium.jpg
199205380,147259,fuligogirl,Liadan Dickie,CC-BY,https://inaturalist-open-data.s3.amazonaws.com/photos/351264973/medium.jpg
199528930,6305922,berardom,Michael Berardozzi,CC-BY,https://inaturalist-open-data.s3.amazonaws.com/photos/351887457/medium.jpg
199529110,6305922,berardom,Michael Berardozzi,CC-BY,https://inaturalist-open-data.s3.amazonaws.com/photos/351887866/medium.jpg
200487053,56930,iandickie,Ian Dickie,CC-BY,https://inaturalist-open-data.s3.amazonaws.com/photos/353750300/medium.jpg
200798295,218732,catchwords,,CC-BY,https://inaturalist-open-data.s3.amazonaws.com/photos/354337412/medium.jpg
200798296,218732,catchwords,,CC-BY,https://inaturalist-open-data.s3.amazonaws.com/photos/354337440/medium.jpg
201968428,883012,predomalpha,Javier,CC-BY,https://inaturalist-open-data.s3.amazonaws.com/photos/356610575/medium.jpeg
202502479,218732,catchwords,,CC-BY,https://inaturalist-open-data.s3.amazonaws.com/photos/357652142/medium.jpg
203684423,6305922,berardom,Michael Berardozzi,CC-BY,https://inaturalist-open-data.s3.amazonaws.com/photos/359908412/medium.jpeg
203684424,6305922,berardom,Michael Berardozzi,CC-BY,https://inaturalist-open-data.s3.amazonaws.com/photos/359908449/medium.jpeg
204045770,59241,arnim,Arnim Littek,CC-BY,https://inaturalist-open-data.s3.amazonaws.com/photos/360595566/medium.jpeg
205811600,57754,leonperrie,Leon Perrie,CC-BY,https://inaturalist-open-data.s3.amazonaws.com/photos/363954714/medium.jpeg
205969777,2730732,harrylurling,,CC-BY,https://inaturalist-open-data.s3.amazonaws.com/photos/364248449/medium.jpeg
209497157,84804,emily_r,Emily Roberts,CC-BY,https://inaturalist-open-data.s3.amazonaws.com/photos/370719485/medium.jpeg
209965035,5646047,henry_id,,CC-BY,https://inaturalist-open-data.s3.amazonaws.com/photos/371469122/medium.jpg
210680069,136000,pdbellbutler,Paul Bell-Butler,CC-BY,https://inaturalist-open-data.s3.amazonaws.com/photos/372605638/medium.jpeg
211438072,773820,kelvinperrie,Kelvin Perrie,CC-BY,https://inaturalist-open-data.s3.amazonaws.com/photos/373818394/medium.jpeg
211459982,1178404,wild_wind,,CC-BY,https://inaturalist-open-data.s3.amazonaws.com/photos/373833789/medium.jpeg
211460054,1178404,wild_wind,,CC-BY,https://inaturalist-open-data.s3.amazonaws.com/photos/373834118/medium.jpeg
212418571,1178404,wild_wind,,CC-BY,https://inaturalist-open-data.s3.amazonaws.com/photos/375379603/medium.jpeg
212418593,1178404,wild_wind,,CC-BY,https://inaturalist-open-data.s3.amazonaws.com/photos/375379682/medium.jpeg
212517758,1178404,wild_wind,,CC-BY,https://inaturalist-open-data.s3.amazonaws.com/photos/375558233/medium.jpeg
219886931,57805,shaun-lee,Shaun Lee,CC-BY,https://inaturalist-open-data.s3.amazonaws.com/photos/389245014/medium.jpg
225064331,218732,catchwords,,CC-BY,https://inaturalist-open-data.s3.amazonaws.com/photos/398985366/medium.jpg
230056378,218732,catchwords,,CC-BY,https://inaturalist-open-data.s3.amazonaws.com/photos/408443470/medium.jpg
239766702,6305922,berardom,Michael Berardozzi,CC-BY,https://inaturalist-open-data.s3.amazonaws.com/photos/427079056/medium.jpeg
243491704,6305922,berardom,Michael Berardozzi,CC-BY,https://inaturalist-open-data.s3.amazonaws.com/photos/434187806/medium.jpeg
249266844,6305922,berardom,Michael Berardozzi,CC-BY,https://inaturalist-open-data.s3.amazonaws.com/photos/445553224/medium.jpeg
249292377,218732,catchwords,,CC-BY,https://inaturalist-open-data.s3.amazonaws.com/photos/445606146/medium.jpg
250162099,57857,candler,Gillian Candler,CC-BY,https://inaturalist-open-data.s3.amazonaws.com/photos/447339944/medium.jpeg
250532340,1513074,richardlitt,Richard Littauer,CC-BY,https://inaturalist-open-data.s3.amazonaws.com/photos/448091380/medium.jpeg
250588375,1513074,richardlitt,Richard Littauer,CC-BY,https://inaturalist-open-data.s3.amazonaws.com/photos/448190309/medium.jpeg
250588387,1513074,richardlitt,Richard Littauer,CC-BY,https://inaturalist-open-data.s3.amazonaws.com/photos/448190390/medium.jpeg
250588388,1513074,richardlitt,Richard Littauer,CC-BY,https://inaturalist-open-data.s3.amazonaws.com/photos/448190415/medium.jpeg
250588392,1513074,richardlitt,Richard Littauer,CC-BY,https://inaturalist-open-data.s3.amazonaws.com/photos/448190433/medium.jpeg
250588419,1513074,richardlitt,Richard Littauer,CC-BY,https://inaturalist-open-data.s3.amazonaws.com/photos/448190399/medium.jpeg
251421855,1513074,richardlitt,Richard Littauer,CC-BY,https://inaturalist-open-data.s3.amazonaws.com/photos/449868664/medium.jpeg
251421875,1513074,richardlitt,Richard Littauer,CC-BY,https://inaturalist-open-data.s3.amazonaws.com/photos/449868718/medium.jpeg
251534168,218732,catchwords,,CC-BY,https://inaturalist-open-data.s3.amazonaws.com/photos/450088821/medium.jpg
252318738,57633,bugman-nz,,CC-BY,https://inaturalist-open-data.s3.amazonaws.com/photos/451658046/medium.jpeg
252656141,7393374,eliasfreyhof36614,Elias Freyhof,CC-BY,https://inaturalist-open-data.s3.amazonaws.com/photos/452318479/medium.jpeg
82253422,4556631,amelie58,Amelie Clements,CC-BY-NC,https://inaturalist-open-data.s3.amazonaws.com/photos/134986148/medium.jpg
88096231,1862491,lcolmer,,CC-BY-NC,https://inaturalist-open-data.s3.amazonaws.com/photos/145315023/medium.jpg
89149255,58303,all_blue,Robyn,CC-BY-NC,https://inaturalist-open-data.s3.amazonaws.com/photos/147186122/medium.jpeg
90110709,3877023,hhsbio,,CC-BY-NC,https://inaturalist-open-data.s3.amazonaws.com/photos/148884674/medium.jpg
91590870,459093,benjansss,Benjamin Wright,CC-BY-NC,https://inaturalist-open-data.s3.amazonaws.com/photos/151528774/medium.jpeg
92987377,4893913,zoehawkinsnz,,CC-BY-NC,https://inaturalist-open-data.s3.amazonaws.com/photos/155685217/medium.jpg
95607942,2849278,spiraea_naturephotographer,Sako Segawa,CC-BY-NC,https://inaturalist-open-data.s3.amazonaws.com/photos/158741547/medium.jpg
96191333,1603520,reggied,Dan Ducker,CC-BY-NC,https://inaturalist-open-data.s3.amazonaws.com/photos/159774038/medium.jpg
96856349,4142642,mesoplodon,Amaya M.,CC-BY-NC,https://inaturalist-open-data.s3.amazonaws.com/photos/160969771/medium.jpeg
97425751,168115,thomasmcelroy,Thomas McElroy,CC-BY-NC,https://inaturalist-open-data.s3.amazonaws.com/photos/162028377/medium.jpeg
97741516,2695257,jennypfhc,Jenny Hanwell,CC-BY-NC,https://inaturalist-open-data.s3.amazonaws.com/photos/162605200/medium.jpg
98174397,4190040,adventures_with_emilie,Emilie &amp; Victoria,CC-BY-NC,https://inaturalist-open-data.s3.amazonaws.com/photos/163404321/medium.jpeg
98261633,5017635,sam_15,,CC-BY-NC,https://inaturalist-open-data.s3.amazonaws.com/photos/163562524/medium.jpg
98964129,1862491,lcolmer,,CC-BY-NC,https://inaturalist-open-data.s3.amazonaws.com/photos/164882339/medium.jpg
99046885,2608745,davodogster,,CC-BY-NC,https://inaturalist-open-data.s3.amazonaws.com/photos/165061442/medium.jpeg
99430073,3992709,eeelijah,,CC-BY-NC,https://inaturalist-open-data.s3.amazonaws.com/photos/165744867/medium.jpeg
99836082,3168064,hazeldash,Toni Young,CC-BY-NC,https://inaturalist-open-data.s3.amazonaws.com/photos/166515975/medium.jpeg
100206100,186458,melissa29,Melissa Gunn,CC-BY-NC,https://inaturalist-open-data.s3.amazonaws.com/photos/167212785/medium.jpeg
100268726,187808,highlands,,CC-BY-NC,https://inaturalist-open-data.s3.amazonaws.com/photos/167328430/medium.jpg
100268734,187808,highlands,,CC-BY-NC,https://inaturalist-open-data.s3.amazonaws.com/photos/167328333/medium.jpeg
100269111,187808,highlands,,CC-BY-NC,https://inaturalist-open-data.s3.amazonaws.com/photos/167329292/medium.jpg
100269753,187808,highlands,,CC-BY-NC,https://inaturalist-open-data.s3.amazonaws.com/photos/167330736/medium.jpg
100752829,3673554,andy_wech,Andy Wech,CC-BY-NC,https://inaturalist-open-data.s3.amazonaws.com/photos/168187003/medium.jpeg
100987607,3673554,andy_wech,Andy Wech,CC-BY-NC,https://inaturalist-open-data.s3.amazonaws.com/photos/168606805/medium.png
100987610,3673554,andy_wech,Andy Wech,CC-BY-NC,https://inaturalist-open-data.s3.amazonaws.com/photos/168606855/medium.png
101072312,3673554,andy_wech,Andy Wech,CC-BY-NC,https://inaturalist-open-data.s3.amazonaws.com/photos/168752599/medium.jpeg
101551036,1493025,lawrencetroup,Lawrence Troup,CC-BY-NC,https://inaturalist-open-data.s3.amazonaws.com/photos/169608285/medium.jpeg
101910019,459093,benjansss,Benjamin Wright,CC-BY-NC,https://inaturalist-open-data.s3.amazonaws.com/photos/170251616/medium.jpeg
102840197,4246450,aimeedrinkwater,,CC-BY-NC,https://inaturalist-open-data.s3.amazonaws.com/photos/171994354/medium.jpeg
103225621,186458,melissa29,Melissa Gunn,CC-BY-NC,https://inaturalist-open-data.s3.amazonaws.com/photos/172713800/medium.jpeg
103715223,2681084,oscar_clendon,Oscar Clendon,CC-BY-NC,https://inaturalist-open-data.s3.amazonaws.com/photos/173647994/medium.jpeg
103810454,166221,barrydench,,CC-BY-NC,https://inaturalist-open-data.s3.amazonaws.com/photos/173836209/medium.jpg
104222779,5076903,family_russell,,CC-BY-NC,https://inaturalist-open-data.s3.amazonaws.com/photos/174621447/medium.jpeg
104227770,993656,seymour_burgess,Seymour Burgess,CC-BY-NC,https://inaturalist-open-data.s3.amazonaws.com/photos/174613698/medium.jpeg
104263157,53219,nikbaines,Nicola Baines,CC-BY-NC,https://inaturalist-open-data.s3.amazonaws.com/photos/174674489/medium.jpg
104310916,2465059,invertebratist,Saryu Mae,CC-BY-NC,https://inaturalist-open-data.s3.amazonaws.com/photos/174752645/medium.jpeg
104313738,1374044,iansfinds,Ian Simpson,CC-BY-NC,https://inaturalist-open-data.s3.amazonaws.com/photos/174763470/medium.jpeg
104319471,2465059,invertebratist,Saryu Mae,CC-BY-NC,https://inaturalist-open-data.s3.amazonaws.com/photos/174758321/medium.jpeg
104572661,4829389,seahare123,,CC-BY-NC,https://inaturalist-open-data.s3.amazonaws.com/photos/175250939/medium.jpg
104626859,1862491,lcolmer,,CC-BY-NC,https://inaturalist-open-data.s3.amazonaws.com/photos/175354366/medium.jpg
104673578,334508,thekings,N King,CC-BY-NC,https://inaturalist-open-data.s3.amazonaws.com/photos/175442859/medium.jpg
104732747,5297561,browntown40,,CC-BY-NC,https://inaturalist-open-data.s3.amazonaws.com/photos/175557434/medium.jpeg
104760268,2465059,invertebratist,Saryu Mae,CC-BY-NC,https://inaturalist-open-data.s3.amazonaws.com/photos/175609702/medium.jpeg
104772283,5241123,speakforthetrees,speakforthetrees,CC-BY-NC,https://inaturalist-open-data.s3.amazonaws.com/photos/175633869/medium.jpeg
105353116,5294800,amandacis33,,CC-BY-NC,https://inaturalist-open-data.s3.amazonaws.com/photos/176751036/medium.jpg
105622038,3163011,karingouldstone,,CC-BY-NC,https://inaturalist-open-data.s3.amazonaws.com/photos/177258361/medium.jpg
105751304,3992709,eeelijah,,CC-BY-NC,https://inaturalist-open-data.s3.amazonaws.com/photos/177506683/medium.jpeg
105751307,3992709,eeelijah,,CC-BY-NC,https://inaturalist-open-data.s3.amazonaws.com/photos/177506999/medium.jpeg
105754126,2776039,rubenmita,,CC-BY-NC,https://inaturalist-open-data.s3.amazonaws.com/photos/177512276/medium.jpg
105757261,3673554,andy_wech,Andy Wech,CC-BY-NC,https://inaturalist-open-data.s3.amazonaws.com/photos/177518319/medium.jpeg
105828326,459093,benjansss,Benjamin Wright,CC-BY-NC,https://inaturalist-open-data.s3.amazonaws.com/photos/177655673/medium.jpeg
105861749,3484325,valentineb,,CC-BY-NC,https://inaturalist-open-data.s3.amazonaws.com/photos/177719790/medium.jpg
105890587,4446029,emma_brockes,Emma Brockes,CC-BY-NC,https://inaturalist-open-data.s3.amazonaws.com/photos/177774827/medium.jpeg
105890659,4446029,emma_brockes,Emma Brockes,CC-BY-NC,https://inaturalist-open-data.s3.amazonaws.com/photos/177774994/medium.jpeg
106062388,1862491,lcolmer,,CC-BY-NC,https://inaturalist-open-data.s3.amazonaws.com/photos/178098255/medium.jpg
106219247,2776039,rubenmita,,CC-BY-NC,https://inaturalist-open-data.s3.amazonaws.com/photos/178400246/medium.jpg
106220071,5294800,amandacis33,,CC-BY-NC,https://inaturalist-open-data.s3.amazonaws.com/photos/178401719/medium.jpg
106516798,160080,stbobservations,Karen Pratt,CC-BY-NC,https://inaturalist-open-data.s3.amazonaws.com/photos/178947253/medium.jpg
107095442,443856,skipperdogman,Finn Davey,CC-BY-NC,https://inaturalist-open-data.s3.amazonaws.com/photos/180054357/medium.jpeg
108377786,88802,f_martoni,Francesco Martoni,CC-BY-NC,https://inaturalist-open-data.s3.amazonaws.com/photos/182459878/medium.jpeg
108984585,205653,chrisc,Chris Chadwick,CC-BY-NC,https://inaturalist-open-data.s3.amazonaws.com/photos/183600466/medium.jpeg
109171501,5322939,ecoellis,Ellis Nimick,CC-BY-NC,https://inaturalist-open-data.s3.amazonaws.com/photos/183948517/medium.jpg
109576656,205653,chrisc,Chris Chadwick,CC-BY-NC,https://inaturalist-open-data.s3.amazonaws.com/photos/184706161/medium.jpeg
110238095,5262212,posset,,CC-BY-NC,https://inaturalist-open-data.s3.amazonaws.com/photos/185929827/medium.jpg
110618844,1862491,lcolmer,,CC-BY-NC,https://inaturalist-open-data.s3.amazonaws.com/photos/186632681/medium.jpg
110828925,5294800,amandacis33,,CC-BY-NC,https://inaturalist-open-data.s3.amazonaws.com/photos/187025133/medium.jpg
111901146,5322939,ecoellis,Ellis Nimick,CC-BY-NC,https://inaturalist-open-data.s3.amazonaws.com/photos/188960764/medium.jpg
111901147,5322939,ecoellis,Ellis Nimick,CC-BY-NC,https://inaturalist-open-data.s3.amazonaws.com/photos/188960766/medium.jpg
111901148,5322939,ecoellis,Ellis Nimick,CC-BY-NC,https://inaturalist-open-data.s3.amazonaws.com/photos/188960770/medium.jpg
112022269,664454,maritha,Maritha O'Halloran,CC-BY-NC,https://inaturalist-open-data.s3.amazonaws.com/photos/189184430/medium.jpg
112248389,1180005,commoncopper,,CC-BY-NC,https://inaturalist-open-data.s3.amazonaws.com/photos/189591493/medium.jpeg
112248492,1180005,commoncopper,,CC-BY-NC,https://inaturalist-open-data.s3.amazonaws.com/photos/189592006/medium.jpeg
113583563,3992709,eeelijah,,CC-BY-NC,https://inaturalist-open-data.s3.amazonaws.com/photos/191883080/medium.jpeg
114386061,5380877,sparrowjack,,CC-BY-NC,https://inaturalist-open-data.s3.amazonaws.com/photos/193161888/medium.jpg
114588000,2587765,rileyrose,,CC-BY-NC,https://inaturalist-open-data.s3.amazonaws.com/photos/193487853/medium.jpeg
114588011,2587765,rileyrose,,CC-BY-NC,https://inaturalist-open-data.s3.amazonaws.com/photos/193488071/medium.jpeg
114608106,840261,rasshamra,,CC-BY-NC,https://inaturalist-open-data.s3.amazonaws.com/photos/193514626/medium.jpeg
114608375,840261,rasshamra,,CC-BY-NC,https://inaturalist-open-data.s3.amazonaws.com/photos/193515171/medium.jpeg
114608447,840261,rasshamra,,CC-BY-NC,https://inaturalist-open-data.s3.amazonaws.com/photos/193515364/medium.jpeg
115268056,5501144,zanthe-white,,CC-BY-NC,https://inaturalist-open-data.s3.amazonaws.com/photos/194574551/medium.jpg
115296926,5500855,dylanoutdoorsman,dylan newman,CC-BY-NC,https://inaturalist-open-data.s3.amazonaws.com/photos/194625375/medium.jpeg
115308213,5381115,lila_guerin,,CC-BY-NC,https://inaturalist-open-data.s3.amazonaws.com/photos/194643690/medium.jpg
115320388,5413333,cadedavie,,CC-BY-NC,https://inaturalist-open-data.s3.amazonaws.com/photos/194664128/medium.jpg
115320847,5413333,cadedavie,,CC-BY-NC,https://inaturalist-open-data.s3.amazonaws.com/photos/194664594/medium.jpg
115463339,5501133,svda_,,CC-BY-NC,https://inaturalist-open-data.s3.amazonaws.com/photos/194864447/medium.jpeg
115479012,5381078,sharonwessels03,Sharon Wessels,CC-BY-NC,https://inaturalist-open-data.s3.amazonaws.com/photos/194893197/medium.jpg
115511392,3834433,marinereserves,,CC-BY-NC,https://inaturalist-open-data.s3.amazonaws.com/photos/194950339/medium.jpeg
115511595,3834433,marinereserves,,CC-BY-NC,https://inaturalist-open-data.s3.amazonaws.com/photos/194950748/medium.jpeg
115545152,5500921,lillypalmer,,CC-BY-NC,https://inaturalist-open-data.s3.amazonaws.com/photos/195009216/medium.jpg
115680139,5381329,carllouis,,CC-BY-NC,https://inaturalist-open-data.s3.amazonaws.com/photos/195242942/medium.jpg
115681066,5504413,sianpodesta,Sian Podesta,CC-BY-NC,https://inaturalist-open-data.s3.amazonaws.com/photos/195244449/medium.jpeg
115682331,3834433,marinereserves,,CC-BY-NC,https://inaturalist-open-data.s3.amazonaws.com/photos/195246526/medium.jpeg
115682357,5501440,xaander,,CC-BY-NC,https://inaturalist-open-data.s3.amazonaws.com/photos/195245933/medium.jpg
115683443,5501440,xaander,,CC-BY-NC,https://inaturalist-open-data.s3.amazonaws.com/photos/195247512/medium.jpg
115683501,5395555,hahahaki,,CC-BY-NC,https://inaturalist-open-data.s3.amazonaws.com/photos/195247991/medium.jpg
115683523,5395555,hahahaki,,CC-BY-NC,https://inaturalist-open-data.s3.amazonaws.com/photos/195248066/medium.jpg
115815785,1950033,autsquidlab,AUTsquidlab,CC-BY-NC,https://inaturalist-open-data.s3.amazonaws.com/photos/195467920/medium.jpeg
115866419,5494429,lukozoid,,CC-BY-NC,https://inaturalist-open-data.s3.amazonaws.com/photos/195556436/medium.jpg
115868125,5494429,lukozoid,,CC-BY-NC,https://inaturalist-open-data.s3.amazonaws.com/photos/195559216/medium.jpg
115992999,5501768,abner-martinez,,CC-BY-NC,https://inaturalist-open-data.s3.amazonaws.com/photos/195767247/medium.jpg
116006170,5501768,abner-martinez,,CC-BY-NC,https://inaturalist-open-data.s3.amazonaws.com/photos/195790628/medium.jpg
116343661,3778349,tommyzo,,CC-BY-NC,https://inaturalist-open-data.s3.amazonaws.com/photos/196380494/medium.jpg
117429569,1862491,lcolmer,,CC-BY-NC,https://inaturalist-open-data.s3.amazonaws.com/photos/198321663/medium.jpg
117504124,5381115,lila_guerin,,CC-BY-NC,https://inaturalist-open-data.s3.amazonaws.com/photos/198452816/medium.jpg
117964755,1492344,brendandoogan,Brendan Doogan,CC-BY-NC,https://inaturalist-open-data.s3.amazonaws.com/photos/199268189/medium.jpeg
117968043,5644018,hydrurga_leptonyx,Robin,CC-BY-NC,https://inaturalist-open-data.s3.amazonaws.com/photos/199274320/medium.jpeg
119367517,3622820,karinamcd,,CC-BY-NC,https://inaturalist-open-data.s3.amazonaws.com/photos/201776620/medium.jpg
121980905,3185763,nimzee,Nimzee,CC-BY-NC,https://inaturalist-open-data.s3.amazonaws.com/photos/206478936/medium.jpg
123011757,5622249,jack_shark,BlueShark,CC-BY-NC,https://inaturalist-open-data.s3.amazonaws.com/photos/208342868/medium.jpeg
123639881,186458,melissa29,Melissa Gunn,CC-BY-NC,https://inaturalist-open-data.s3.amazonaws.com/photos/209472499/medium.jpeg
125404267,4794741,h_chapman,Henry Chapman,CC-BY-NC,https://inaturalist-open-data.s3.amazonaws.com/photos/212663729/medium.jpg
125547773,3835893,happygolucky_mel,Mel,CC-BY-NC,https://inaturalist-open-data.s3.amazonaws.com/photos/212887788/medium.jpeg
126453192,107185,abbie_wakelin,,CC-BY-NC,https://inaturalist-open-data.s3.amazonaws.com/photos/214560718/medium.jpg
126457846,223726,crispychipp,Darrell Crisp,CC-BY-NC,https://inaturalist-open-data.s3.amazonaws.com/photos/214567535/medium.jpeg
134537599,1492344,brendandoogan,Brendan Doogan,CC-BY-NC,https://inaturalist-open-data.s3.amazonaws.com/photos/229339278/medium.jpeg
137375239,2496612,dragonermine,,CC-BY-NC,https://inaturalist-open-data.s3.amazonaws.com/photos/234614892/medium.jpg
137947330,2384209,gizz,Graeme Rigg,CC-BY-NC,https://inaturalist-open-data.s3.amazonaws.com/photos/235690522/medium.jpeg
139151713,5837072,imanolcabana,Imanol,CC-BY-NC,https://inaturalist-open-data.s3.amazonaws.com/photos/237948751/medium.jpeg
139592728,88802,f_martoni,Francesco Martoni,CC-BY-NC,https://inaturalist-open-data.s3.amazonaws.com/photos/238787110/medium.jpg
139592730,88802,f_martoni,Francesco Martoni,CC-BY-NC,https://inaturalist-open-data.s3.amazonaws.com/photos/238787177/medium.jpg
140038729,4326737,krmorison,,CC-BY-NC,https://inaturalist-open-data.s3.amazonaws.com/photos/239645012/medium.jpg
140474213,6278893,howy92,,CC-BY-NC,https://inaturalist-open-data.s3.amazonaws.com/photos/240466132/medium.jpg
141436464,187808,highlands,,CC-BY-NC,https://inaturalist-open-data.s3.amazonaws.com/photos/242305265/medium.jpeg
142184203,187808,highlands,,CC-BY-NC,https://inaturalist-open-data.s3.amazonaws.com/photos/243727488/medium.jpeg
142565962,5645039,cole07,Cole B,CC-BY-NC,https://inaturalist-open-data.s3.amazonaws.com/photos/244441563/medium.jpg
142657160,3285402,annagramm,Anna Sephton,CC-BY-NC,https://inaturalist-open-data.s3.amazonaws.com/photos/244615182/medium.jpg
142800173,5645039,cole07,Cole B,CC-BY-NC,https://inaturalist-open-data.s3.amazonaws.com/photos/244887596/medium.jpg
144052683,4794741,h_chapman,Henry Chapman,CC-BY-NC,https://inaturalist-open-data.s3.amazonaws.com/photos/247162864/medium.jpg
144203638,1304965,frx,,CC-BY-NC,https://inaturalist-open-data.s3.amazonaws.com/photos/247475102/medium.jpeg
144215649,814216,wellmaintainedhedge,,CC-BY-NC,https://inaturalist-open-data.s3.amazonaws.com/photos/247475652/medium.jpeg
144275451,6348385,fjones08,,CC-BY-NC,https://inaturalist-open-data.s3.amazonaws.com/photos/247589360/medium.jpg
144439359,154725,rubymoore,,CC-BY-NC,https://inaturalist-open-data.s3.amazonaws.com/photos/247899628/medium.jpeg
144504751,314317,rolandwirth,,CC-BY-NC,https://inaturalist-open-data.s3.amazonaws.com/photos/248026530/medium.jpeg
144504753,314317,rolandwirth,,CC-BY-NC,https://inaturalist-open-data.s3.amazonaws.com/photos/248026562/medium.jpeg
144588937,4446029,emma_brockes,Emma Brockes,CC-BY-NC,https://inaturalist-open-data.s3.amazonaws.com/photos/248190106/medium.jpeg
144638766,1950033,autsquidlab,AUTsquidlab,CC-BY-NC,https://inaturalist-open-data.s3.amazonaws.com/photos/248289201/medium.jpeg
144644649,5335198,duckindisguise,,CC-BY-NC,https://inaturalist-open-data.s3.amazonaws.com/photos/248300247/medium.jpg
144842611,1862491,lcolmer,,CC-BY-NC,https://inaturalist-open-data.s3.amazonaws.com/photos/248686430/medium.jpg
144901409,5949282,sofialyk,,CC-BY-NC,https://inaturalist-open-data.s3.amazonaws.com/photos/248804373/medium.jpg
144901505,5949282,sofialyk,,CC-BY-NC,https://inaturalist-open-data.s3.amazonaws.com/photos/248804592/medium.jpg
144905550,4737753,happymountainnz,,CC-BY-NC,https://inaturalist-open-data.s3.amazonaws.com/photos/248812588/medium.jpeg
145140811,186145,julievause_nz,Julie Vause,CC-BY-NC,https://inaturalist-open-data.s3.amazonaws.com/photos/249266950/medium.jpg
145214285,165659,simonnicholas,Simon Nicholas,CC-BY-NC,https://inaturalist-open-data.s3.amazonaws.com/photos/249405221/medium.jpg
145489603,3673554,andy_wech,Andy Wech,CC-BY-NC,https://inaturalist-open-data.s3.amazonaws.com/photos/249911475/medium.jpeg
145489604,3673554,andy_wech,Andy Wech,CC-BY-NC,https://inaturalist-open-data.s3.amazonaws.com/photos/249911480/medium.jpeg
145489607,3673554,andy_wech,Andy Wech,CC-BY-NC,https://inaturalist-open-data.s3.amazonaws.com/photos/249911491/medium.jpeg
145489609,3673554,andy_wech,Andy Wech,CC-BY-NC,https://inaturalist-open-data.s3.amazonaws.com/photos/249911498/medium.jpeg
145489611,3673554,andy_wech,Andy Wech,CC-BY-NC,https://inaturalist-open-data.s3.amazonaws.com/photos/249911504/medium.jpeg
145616292,314317,rolandwirth,,CC-BY-NC,https://inaturalist-open-data.s3.amazonaws.com/photos/250157667/medium.jpeg
145640188,374016,obblue,Andrew Nevin,CC-BY-NC,https://inaturalist-open-data.s3.amazonaws.com/photos/250195914/medium.jpg
145640196,374016,obblue,Andrew Nevin,CC-BY-NC,https://inaturalist-open-data.s3.amazonaws.com/photos/250199114/medium.jpg
145640221,374016,obblue,Andrew Nevin,CC-BY-NC,https://inaturalist-open-data.s3.amazonaws.com/photos/250203254/medium.jpg
146091556,5017635,sam_15,,CC-BY-NC,https://inaturalist-open-data.s3.amazonaws.com/photos/251090778/medium.jpg
146795423,2896326,willfrosty,Will Frost,CC-BY-NC,https://inaturalist-open-data.s3.amazonaws.com/photos/252463330/medium.jpg
146952927,1450371,chipiok,,CC-BY-NC,https://inaturalist-open-data.s3.amazonaws.com/photos/252772097/medium.jpg
146953194,1450371,chipiok,,CC-BY-NC,https://inaturalist-open-data.s3.amazonaws.com/photos/252772727/medium.jpg
147042578,58739,mike68lusk,Mike Lusk,CC-BY-NC,https://inaturalist-open-data.s3.amazonaws.com/photos/252946659/medium.jpg
147253993,1043541,zimenaj,ZimenaJ,CC-BY-NC,https://inaturalist-open-data.s3.amazonaws.com/photos/253353187/medium.jpeg
147755822,334508,thekings,N King,CC-BY-NC,https://inaturalist-open-data.s3.amazonaws.com/photos/254305991/medium.jpg
147920802,5065744,jessesaofia,Jesse Saofia,CC-BY-NC,https://inaturalist-open-data.s3.amazonaws.com/photos/254624855/medium.jpeg
148004423,10712,kerry2,Kerry Locker-Lampson,CC-BY-NC,https://inaturalist-open-data.s3.amazonaws.com/photos/254787093/medium.jpg
148170041,58320,lwnrngr,,CC-BY-NC,https://inaturalist-open-data.s3.amazonaws.com/photos/255103563/medium.jpg
148170042,58320,lwnrngr,,CC-BY-NC,https://inaturalist-open-data.s3.amazonaws.com/photos/255103553/medium.jpg
148170043,58320,lwnrngr,,CC-BY-NC,https://inaturalist-open-data.s3.amazonaws.com/photos/255103566/medium.jpg
148356499,6487998,csteve001,Steve C,CC-BY-NC,https://inaturalist-open-data.s3.amazonaws.com/photos/255463044/medium.jpeg
148414172,2651019,melindaw,,CC-BY-NC,https://inaturalist-open-data.s3.amazonaws.com/photos/255575039/medium.jpeg
148414223,2651019,melindaw,,CC-BY-NC,https://inaturalist-open-data.s3.amazonaws.com/photos/255575086/medium.jpeg
148487102,1591849,cescgv,,CC-BY-NC,https://inaturalist-open-data.s3.amazonaws.com/photos/255717215/medium.jpg
148489917,58320,lwnrngr,,CC-BY-NC,https://inaturalist-open-data.s3.amazonaws.com/photos/255717746/medium.jpg
148550296,6487998,csteve001,Steve C,CC-BY-NC,https://inaturalist-open-data.s3.amazonaws.com/photos/255834376/medium.jpeg
149627556,459093,benjansss,Benjamin Wright,CC-BY-NC,https://inaturalist-open-data.s3.amazonaws.com/photos/257862278/medium.jpeg
149799735,3285536,ashleybrowntown,Ashley Brown,CC-BY-NC,https://inaturalist-open-data.s3.amazonaws.com/photos/258184410/medium.jpeg
149881487,6521889,blake_hodgson,,CC-BY-NC,https://inaturalist-open-data.s3.amazonaws.com/photos/258342420/medium.jpg
150036005,6521811,jayesleep1,,CC-BY-NC,https://inaturalist-open-data.s3.amazonaws.com/photos/258635108/medium.jpg
150041785,6521808,holliecooke,,CC-BY-NC,https://inaturalist-open-data.s3.amazonaws.com/photos/258645946/medium.jpg
150042127,6521808,holliecooke,,CC-BY-NC,https://inaturalist-open-data.s3.amazonaws.com/photos/258646528/medium.jpg
150190274,6522395,taylaahopkinss,,CC-BY-NC,https://inaturalist-open-data.s3.amazonaws.com/photos/258926614/medium.jpg
150274677,6521930,seahannahspics,,CC-BY-NC,https://inaturalist-open-data.s3.amazonaws.com/photos/259086381/medium.jpg
150275301,6521930,seahannahspics,,CC-BY-NC,https://inaturalist-open-data.s3.amazonaws.com/photos/259087654/medium.jpg
150609066,6522395,taylaahopkinss,,CC-BY-NC,https://inaturalist-open-data.s3.amazonaws.com/photos/259732797/medium.jpg
150720361,4995438,srkjaj,,CC-BY-NC,https://inaturalist-open-data.s3.amazonaws.com/photos/259945816/medium.jpg
150802051,2331115,lizosborn,Liz Osborn,CC-BY-NC,https://inaturalist-open-data.s3.amazonaws.com/photos/260100759/medium.jpg
150864817,58320,lwnrngr,,CC-BY-NC,https://inaturalist-open-data.s3.amazonaws.com/photos/260215076/medium.jpg
150878686,6522349,abstarmcd,,CC-BY-NC,https://inaturalist-open-data.s3.amazonaws.com/photos/260242406/medium.jpg
150884056,6563994,simonlamb,Simon Lamb,CC-BY-NC,https://inaturalist-open-data.s3.amazonaws.com/photos/260253111/medium.jpg
150887430,6521880,maevatg,,CC-BY-NC,https://inaturalist-open-data.s3.amazonaws.com/photos/260266259/medium.jpg
150902585,6521833,meadzy,,CC-BY-NC,https://inaturalist-open-data.s3.amazonaws.com/photos/260289892/medium.jpg
150904386,2331115,lizosborn,Liz Osborn,CC-BY-NC,https://inaturalist-open-data.s3.amazonaws.com/photos/260293046/medium.jpg
151169959,2465059,invertebratist,Saryu Mae,CC-BY-NC,https://inaturalist-open-data.s3.amazonaws.com/photos/260776227/medium.jpeg
151271172,6521888,henrygreaves,,CC-BY-NC,https://inaturalist-open-data.s3.amazonaws.com/photos/260978976/medium.jpg
151274227,6521895,jannie_p,,CC-BY-NC,https://static.inaturalist.org/photos/260984559/medium.jpeg
151274261,6522091,dana_bm,,CC-BY-NC,https://inaturalist-open-data.s3.amazonaws.com/photos/260984714/medium.jpeg
151284811,6524168,blackodinheim66,,CC-BY-NC,https://inaturalist-open-data.s3.amazonaws.com/photos/260997875/medium.jpeg
151452821,6521808,holliecooke,,CC-BY-NC,https://inaturalist-open-data.s3.amazonaws.com/photos/261324307/medium.jpg
152091002,58549,don_neale,,CC-BY-NC,https://inaturalist-open-data.s3.amazonaws.com/photos/262510090/medium.jpg
152479136,5004973,greghadley1,,CC-BY-NC,https://inaturalist-open-data.s3.amazonaws.com/photos/263231089/medium.jpg
153106559,6024093,brooooooke303,,CC-BY-NC,https://inaturalist-open-data.s3.amazonaws.com/photos/264394336/medium.jpg
153128217,1492344,brendandoogan,Brendan Doogan,CC-BY-NC,https://inaturalist-open-data.s3.amazonaws.com/photos/264436676/medium.jpeg
153292341,4178646,dan_photography,Dan On Earth,CC-BY-NC,https://inaturalist-open-data.s3.amazonaws.com/photos/264736583/medium.jpeg
153292358,4178646,dan_photography,Dan On Earth,CC-BY-NC,https://inaturalist-open-data.s3.amazonaws.com/photos/264740915/medium.jpeg
153484778,2914495,kyabeth,,CC-BY-NC,https://inaturalist-open-data.s3.amazonaws.com/photos/265095817/medium.jpg
154377768,2331115,lizosborn,Liz Osborn,CC-BY-NC,https://inaturalist-open-data.s3.amazonaws.com/photos/266741106/medium.jpg
154379471,2297231,allhailtheserpentqueen,,CC-BY-NC,https://inaturalist-open-data.s3.amazonaws.com/photos/266744622/medium.jpg
154382875,3276049,mantis2,moira,CC-BY-NC,https://inaturalist-open-data.s3.amazonaws.com/photos/266750776/medium.jpeg
154536738,5434652,phoenixwhite,Phoenix,CC-BY-NC,https://inaturalist-open-data.s3.amazonaws.com/photos/267032846/medium.jpg
154877580,4794741,h_chapman,Henry Chapman,CC-BY-NC,https://inaturalist-open-data.s3.amazonaws.com/photos/267651479/medium.jpg
155301234,1922255,pauldespa,,CC-BY-NC,https://inaturalist-open-data.s3.amazonaws.com/photos/268434578/medium.jpeg
155565908,6543206,maiarose525,,CC-BY-NC,https://inaturalist-open-data.s3.amazonaws.com/photos/268925731/medium.jpeg
155704482,5434652,phoenixwhite,Phoenix,CC-BY-NC,https://inaturalist-open-data.s3.amazonaws.com/photos/269181114/medium.jpg
155704520,5434652,phoenixwhite,Phoenix,CC-BY-NC,https://inaturalist-open-data.s3.amazonaws.com/photos/269181226/medium.jpg
156188091,5225084,andyaowen,,CC-BY-NC,https://inaturalist-open-data.s3.amazonaws.com/photos/270050256/medium.jpg
156561034,267364,calamanthus,Euan Moore,CC-BY-NC,https://inaturalist-open-data.s3.amazonaws.com/photos/270740595/medium.jpeg
156862851,587393,padraig-nz,Padraig Deegan,CC-BY-NC,https://static.inaturalist.org/photos/271277977/medium.jpeg
157829270,110580,dougalt,Dougal Townsend,CC-BY-NC,https://inaturalist-open-data.s3.amazonaws.com/photos/272831859/medium.jpg
157922061,5300448,macinamux,,CC-BY-NC,https://inaturalist-open-data.s3.amazonaws.com/photos/272992574/medium.jpeg
158025616,587393,padraig-nz,Padraig Deegan,CC-BY-NC,https://static.inaturalist.org/photos/273122051/medium.jpeg
158615716,5848022,shivani34,Shivani K,CC-BY-NC,https://inaturalist-open-data.s3.amazonaws.com/photos/274099876/medium.jpg
161363629,1950033,autsquidlab,AUTsquidlab,CC-BY-NC,https://inaturalist-open-data.s3.amazonaws.com/photos/278913511/medium.jpeg
161476563,3978805,matteomatteo,,CC-BY-NC,https://inaturalist-open-data.s3.amazonaws.com/photos/279109182/medium.jpeg
163450007,6242219,georrgiawilson,,CC-BY-NC,https://inaturalist-open-data.s3.amazonaws.com/photos/282704128/medium.jpg
166929182,1492344,brendandoogan,Brendan Doogan,CC-BY-NC,https://inaturalist-open-data.s3.amazonaws.com/photos/289111731/medium.jpeg
166961281,1492344,brendandoogan,Brendan Doogan,CC-BY-NC,https://inaturalist-open-data.s3.amazonaws.com/photos/289175295/medium.jpeg
167149137,569387,timharker,Timothy Harker,CC-BY-NC,https://static.inaturalist.org/photos/289523692/medium.jpeg
167811121,1266884,brittlikesbugs,brittlikesbugs,CC-BY-NC,https://inaturalist-open-data.s3.amazonaws.com/photos/290752537/medium.jpg
168712931,608534,wernerdegier,dr. Werner de Gier,CC-BY-NC,https://inaturalist-open-data.s3.amazonaws.com/photos/292418755/medium.jpeg
169325924,3907417,dolphinonkeys,dolphinonkeys,CC-BY-NC,https://inaturalist-open-data.s3.amazonaws.com/photos/293551562/medium.jpeg
174031697,355160,barbaraparris,Barbara Parris,CC-BY-NC,https://inaturalist-open-data.s3.amazonaws.com/photos/302294345/medium.png
175873064,374016,obblue,Andrew Nevin,CC-BY-NC,https://inaturalist-open-data.s3.amazonaws.com/photos/305694181/medium.jpeg
176855250,4178646,dan_photography,Dan On Earth,CC-BY-NC,https://inaturalist-open-data.s3.amazonaws.com/photos/307515193/medium.jpeg
176855281,4178646,dan_photography,Dan On Earth,CC-BY-NC,https://inaturalist-open-data.s3.amazonaws.com/photos/307515566/medium.jpeg
177955996,5354887,chalikotheres,,CC-BY-NC,https://inaturalist-open-data.s3.amazonaws.com/photos/309579218/medium.jpeg
178809192,1492344,brendandoogan,Brendan Doogan,CC-BY-NC,https://inaturalist-open-data.s3.amazonaws.com/photos/311209795/medium.jpeg
181030672,248941,soso,,CC-BY-NC,https://inaturalist-open-data.s3.amazonaws.com/photos/315446761/medium.jpeg
181175459,5402067,jamierb09,Jamie Reyneke-Barnard,CC-BY-NC,https://inaturalist-open-data.s3.amazonaws.com/photos/315721760/medium.jpeg
184592784,6615711,nature_taylor,Janey Taylor,CC-BY-NC,https://inaturalist-open-data.s3.amazonaws.com/photos/322241440/medium.jpeg
184593614,6615711,nature_taylor,Janey Taylor,CC-BY-NC,https://inaturalist-open-data.s3.amazonaws.com/photos/322243360/medium.jpeg
184593893,6615711,nature_taylor,Janey Taylor,CC-BY-NC,https://inaturalist-open-data.s3.amazonaws.com/photos/322243887/medium.jpeg
185091397,4505061,angelrowe,Ange,CC-BY-NC,https://inaturalist-open-data.s3.amazonaws.com/photos/323198230/medium.jpeg
186778805,7080497,thatcammoboy,,CC-BY-NC,https://inaturalist-open-data.s3.amazonaws.com/photos/326483598/medium.png
186782855,7080497,thatcammoboy,,CC-BY-NC,https://inaturalist-open-data.s3.amazonaws.com/photos/326490713/medium.png
187758563,205653,chrisc,Chris Chadwick,CC-BY-NC,https://inaturalist-open-data.s3.amazonaws.com/photos/328429561/medium.jpeg
188066774,205653,chrisc,Chris Chadwick,CC-BY-NC,https://inaturalist-open-data.s3.amazonaws.com/photos/329041254/medium.jpeg
188491901,1642330,barachiel,,CC-BY-NC,https://inaturalist-open-data.s3.amazonaws.com/photos/329922519/medium.jpg
189191231,5402067,jamierb09,Jamie Reyneke-Barnard,CC-BY-NC,https://inaturalist-open-data.s3.amazonaws.com/photos/331349178/medium.jpeg
189404912,7279801,schenker,,CC-BY-NC,https://inaturalist-open-data.s3.amazonaws.com/photos/331788332/medium.jpg
189720314,5025295,pyrobombus,Andy Swartley,CC-BY-NC,https://inaturalist-open-data.s3.amazonaws.com/photos/332426906/medium.jpg
189726913,5025295,pyrobombus,Andy Swartley,CC-BY-NC,https://inaturalist-open-data.s3.amazonaws.com/photos/332441320/medium.jpg
190443064,1943013,tomno,,CC-BY-NC,https://inaturalist-open-data.s3.amazonaws.com/photos/333849982/medium.jpg
190742383,7570750,alafdmc,,CC-BY-NC,https://inaturalist-open-data.s3.amazonaws.com/photos/334447007/medium.jpg
190760514,7557012,brettyboy,,CC-BY-NC,https://inaturalist-open-data.s3.amazonaws.com/photos/334484250/medium.jpg
190760554,7557012,brettyboy,,CC-BY-NC,https://inaturalist-open-data.s3.amazonaws.com/photos/334484329/medium.jpg
191631114,7586901,fdmcscience,Francis Douglas Memorial College,CC-BY-NC,https://inaturalist-open-data.s3.amazonaws.com/photos/336223104/medium.jpeg
191741875,638184,zoedavis,Zo毛 Davis,CC-BY-NC,https://inaturalist-open-data.s3.amazonaws.com/photos/336446379/medium.jpeg
192606437,51394,rmanderino,Rea Manderino,CC-BY-NC,https://inaturalist-open-data.s3.amazonaws.com/photos/338156319/medium.jpeg
192702882,7628766,aruston07,Alex Ruston,CC-BY-NC,https://inaturalist-open-data.s3.amazonaws.com/photos/338348961/medium.jpeg
192728380,5768622,easonsue,,CC-BY-NC,https://inaturalist-open-data.s3.amazonaws.com/photos/338399793/medium.jpeg
192907595,4156575,younis_menkara,Younis Menkara,CC-BY-NC,https://static.inaturalist.org/photos/338758168/medium.jpg
192983949,58320,lwnrngr,,CC-BY-NC,https://inaturalist-open-data.s3.amazonaws.com/photos/338906842/medium.jpg
192983951,58320,lwnrngr,,CC-BY-NC,https://inaturalist-open-data.s3.amazonaws.com/photos/338906843/medium.jpg
193106502,58320,lwnrngr,,CC-BY-NC,https://inaturalist-open-data.s3.amazonaws.com/photos/339164124/medium.jpeg
193192053,7553301,mmorgan_nz,Michael M,CC-BY-NC,https://inaturalist-open-data.s3.amazonaws.com/photos/339338474/medium.png
193348395,58320,lwnrngr,,CC-BY-NC,https://inaturalist-open-data.s3.amazonaws.com/photos/339640322/medium.jpg
193769224,569387,timharker,Timothy Harker,CC-BY-NC,https://static.inaturalist.org/photos/340424191/medium.jpeg
193906603,7500497,leahmcleod14,,CC-BY-NC,https://inaturalist-open-data.s3.amazonaws.com/photos/340706046/medium.jpg
194570078,3163011,karingouldstone,,CC-BY-NC,https://inaturalist-open-data.s3.amazonaws.com/photos/344783998/medium.jpg
194628437,4794741,h_chapman,Henry Chapman,CC-BY-NC,https://inaturalist-open-data.s3.amazonaws.com/photos/342168839/medium.jpg
194628465,4794741,h_chapman,Henry Chapman,CC-BY-NC,https://inaturalist-open-data.s3.amazonaws.com/photos/342168923/medium.jpg
194677295,814216,wellmaintainedhedge,,CC-BY-NC,https://inaturalist-open-data.s3.amazonaws.com/photos/342265128/medium.jpeg
194705456,56848,clinton,Clinton Duffy,CC-BY-NC,https://inaturalist-open-data.s3.amazonaws.com/photos/342324009/medium.jpg
194875333,58320,lwnrngr,,CC-BY-NC,https://inaturalist-open-data.s3.amazonaws.com/photos/342674423/medium.jpg
194923998,971085,gibbous_jedda,Jedda,CC-BY-NC,https://static.inaturalist.org/photos/342774049/medium.jpg
195445753,5990463,rkt203,,CC-BY-NC,https://inaturalist-open-data.s3.amazonaws.com/photos/343841443/medium.jpeg
195546533,6367890,cambrian-era-crab,sea roomba,CC-BY-NC,https://inaturalist-open-data.s3.amazonaws.com/photos/344048284/medium.jpg
195550225,3950857,humblekumara,HumbleKumara,CC-BY-NC,https://inaturalist-open-data.s3.amazonaws.com/photos/344054667/medium.jpeg
195695677,459093,benjansss,Benjamin Wright,CC-BY-NC,https://inaturalist-open-data.s3.amazonaws.com/photos/344342867/medium.jpeg
195707258,223726,crispychipp,Darrell Crisp,CC-BY-NC,https://inaturalist-open-data.s3.amazonaws.com/photos/344366747/medium.jpeg
195781967,36788,daver,David Robichaud,CC-BY-NC,https://inaturalist-open-data.s3.amazonaws.com/photos/344519101/medium.jpg
195816869,5270811,samuelamaris,Samuel Amaris,CC-BY-NC,https://inaturalist-open-data.s3.amazonaws.com/photos/344591569/medium.jpg
195816917,5270811,samuelamaris,Samuel Amaris,CC-BY-NC,https://inaturalist-open-data.s3.amazonaws.com/photos/344591691/medium.jpg
196002018,1363605,tripleaxel,Star Richens,CC-BY-NC,https://inaturalist-open-data.s3.amazonaws.com/photos/344966411/medium.jpeg
196101703,7279331,bexbowater,Bex Bowater,CC-BY-NC,https://inaturalist-open-data.s3.amazonaws.com/photos/345164057/medium.jpeg
196394457,5386527,halleaish,,CC-BY-NC,https://inaturalist-open-data.s3.amazonaws.com/photos/345756113/medium.jpg
196482435,890531,scott_bartlam,Scott Bartlam,CC-BY-NC,https://inaturalist-open-data.s3.amazonaws.com/photos/345935196/medium.jpeg
196493733,2094288,bliu,Paul Liu,CC-BY-NC,https://inaturalist-open-data.s3.amazonaws.com/photos/345958537/medium.jpeg
196875952,4844728,koen_a,Koen,CC-BY-NC,https://inaturalist-open-data.s3.amazonaws.com/photos/346602862/medium.jpeg
196875985,4844728,koen_a,Koen,CC-BY-NC,https://inaturalist-open-data.s3.amazonaws.com/photos/346602931/medium.jpeg
197047621,4833949,montgc,Charlotte Montgomery,CC-BY-NC,https://inaturalist-open-data.s3.amazonaws.com/photos/346955567/medium.jpg
197262520,4825283,oliver358,Oliver,CC-BY-NC,https://inaturalist-open-data.s3.amazonaws.com/photos/347385842/medium.jpeg
197499610,7749096,svenjafm,SvenjaFM,CC-BY-NC,https://inaturalist-open-data.s3.amazonaws.com/photos/347866528/medium.jpeg
197508108,2258530,benackerley,Ben Ackerley,CC-BY-NC,https://inaturalist-open-data.s3.amazonaws.com/photos/347884504/medium.jpg
197874720,3999467,hazeldehaas,,CC-BY-NC,https://inaturalist-open-data.s3.amazonaws.com/photos/348624697/medium.jpg
198043684,1810546,daniel_heald,,CC-BY-NC,https://inaturalist-open-data.s3.amazonaws.com/photos/348964530/medium.jpg
199327892,58320,lwnrngr,,CC-BY-NC,https://inaturalist-open-data.s3.amazonaws.com/photos/351505883/medium.jpeg
199343962,443363,jwu,Joanna Wu,CC-BY-NC,https://inaturalist-open-data.s3.amazonaws.com/photos/351537249/medium.jpeg
199399369,2440538,mr_personal,,CC-BY-NC,https://inaturalist-open-data.s3.amazonaws.com/photos/351643432/medium.jpg
199734584,5914278,awinslett01,,CC-BY-NC,https://inaturalist-open-data.s3.amazonaws.com/photos/354876124/medium.jpeg
200421608,7393421,trabbitt93,,CC-BY-NC,https://inaturalist-open-data.s3.amazonaws.com/photos/353604203/medium.jpg
200432194,7813023,aj_stewart,,CC-BY-NC,https://inaturalist-open-data.s3.amazonaws.com/photos/353623973/medium.jpg
200458147,5308165,liverwyrt,Ian R. Clark,CC-BY-NC,https://inaturalist-open-data.s3.amazonaws.com/photos/353622980/medium.jpeg
200485322,4432237,alcon_blue,,CC-BY-NC,https://inaturalist-open-data.s3.amazonaws.com/photos/353730396/medium.jpeg
201066481,6405132,kee09,Keegan Tinsel,CC-BY-NC,https://inaturalist-open-data.s3.amazonaws.com/photos/354838876/medium.jpeg
201066491,6405132,kee09,Keegan Tinsel,CC-BY-NC,https://inaturalist-open-data.s3.amazonaws.com/photos/354839445/medium.jpeg
201622008,7813023,aj_stewart,,CC-BY-NC,https://inaturalist-open-data.s3.amazonaws.com/photos/355942525/medium.jpg
201760835,569387,timharker,Timothy Harker,CC-BY-NC,https://static.inaturalist.org/photos/356211723/medium.jpeg
201859947,5138881,kiwimite,,CC-BY-NC,https://inaturalist-open-data.s3.amazonaws.com/photos/356405853/medium.jpeg
202139051,7813164,leximolloy,,CC-BY-NC,https://inaturalist-open-data.s3.amazonaws.com/photos/356950067/medium.jpg
202620852,3610384,ecojimmy,,CC-BY-NC,https://inaturalist-open-data.s3.amazonaws.com/photos/357878683/medium.jpg
202620861,3610384,ecojimmy,,CC-BY-NC,https://inaturalist-open-data.s3.amazonaws.com/photos/357878707/medium.jpg
202786359,4733175,glebglub,A Xiong,CC-BY-NC,https://inaturalist-open-data.s3.amazonaws.com/photos/358192467/medium.jpeg
202786361,4733175,glebglub,A Xiong,CC-BY-NC,https://inaturalist-open-data.s3.amazonaws.com/photos/358192455/medium.jpeg
202896438,7815224,jayderoberts,,CC-BY-NC,https://inaturalist-open-data.s3.amazonaws.com/photos/358398679/medium.png
203066457,7815079,skyelasenby,,CC-BY-NC,https://inaturalist-open-data.s3.amazonaws.com/photos/358729679/medium.jpg
203081995,3362884,simonbou,Simon,CC-BY-NC,https://inaturalist-open-data.s3.amazonaws.com/photos/358759803/medium.jpeg
203184290,7810681,brayden_c,,CC-BY-NC,https://inaturalist-open-data.s3.amazonaws.com/photos/358950245/medium.jpg
203188650,7815390,finlaypirie,,CC-BY-NC,https://inaturalist-open-data.s3.amazonaws.com/photos/358960462/medium.jpeg
203642217,7810437,lanagriffin,,CC-BY-NC,https://inaturalist-open-data.s3.amazonaws.com/photos/359826038/medium.jpg
203663611,7809690,christines03,,CC-BY-NC,https://inaturalist-open-data.s3.amazonaws.com/photos/359862681/medium.jpeg
203700358,7624024,ange-nat,,CC-BY-NC,https://inaturalist-open-data.s3.amazonaws.com/photos/359942971/medium.jpeg
204505920,2036792,matthewes,Matthew S.,CC-BY-NC,https://inaturalist-open-data.s3.amazonaws.com/photos/361488585/medium.jpeg
205034486,4794741,h_chapman,Henry Chapman,CC-BY-NC,https://inaturalist-open-data.s3.amazonaws.com/photos/362480281/medium.jpg
205630703,5590722,alex_rhc,A. r,CC-BY-NC,https://inaturalist-open-data.s3.amazonaws.com/photos/363619834/medium.jpg
205789288,3999467,hazeldehaas,,CC-BY-NC,https://inaturalist-open-data.s3.amazonaws.com/photos/363903972/medium.jpg
207138290,2094288,bliu,Paul Liu,CC-BY-NC,https://inaturalist-open-data.s3.amazonaws.com/photos/366363653/medium.jpeg
207329867,2036792,matthewes,Matthew S.,CC-BY-NC,https://inaturalist-open-data.s3.amazonaws.com/photos/366716218/medium.jpeg
207329909,2036792,matthewes,Matthew S.,CC-BY-NC,https://inaturalist-open-data.s3.amazonaws.com/photos/366716330/medium.jpeg
207329912,2036792,matthewes,Matthew S.,CC-BY-NC,https://inaturalist-open-data.s3.amazonaws.com/photos/366716332/medium.jpeg
207329913,2036792,matthewes,Matthew S.,CC-BY-NC,https://inaturalist-open-data.s3.amazonaws.com/photos/366716338/medium.jpeg
207329915,2036792,matthewes,Matthew S.,CC-BY-NC,https://inaturalist-open-data.s3.amazonaws.com/photos/366716352/medium.jpeg
207329919,2036792,matthewes,Matthew S.,CC-BY-NC,https://inaturalist-open-data.s3.amazonaws.com/photos/366716372/medium.jpeg
207329922,2036792,matthewes,Matthew S.,CC-BY-NC,https://inaturalist-open-data.s3.amazonaws.com/photos/366716377/medium.jpeg
207329925,2036792,matthewes,Matthew S.,CC-BY-NC,https://inaturalist-open-data.s3.amazonaws.com/photos/366716380/medium.jpeg
207329932,2036792,matthewes,Matthew S.,CC-BY-NC,https://inaturalist-open-data.s3.amazonaws.com/photos/366716397/medium.jpeg
207329933,2036792,matthewes,Matthew S.,CC-BY-NC,https://inaturalist-open-data.s3.amazonaws.com/photos/366716406/medium.jpeg
207329935,2036792,matthewes,Matthew S.,CC-BY-NC,https://inaturalist-open-data.s3.amazonaws.com/photos/366716417/medium.jpeg
207329939,2036792,matthewes,Matthew S.,CC-BY-NC,https://inaturalist-open-data.s3.amazonaws.com/photos/366716419/medium.jpeg
207329940,2036792,matthewes,Matthew S.,CC-BY-NC,https://inaturalist-open-data.s3.amazonaws.com/photos/366716429/medium.jpeg
207329942,2036792,matthewes,Matthew S.,CC-BY-NC,https://inaturalist-open-data.s3.amazonaws.com/photos/366716437/medium.jpeg
207329943,2036792,matthewes,Matthew S.,CC-BY-NC,https://inaturalist-open-data.s3.amazonaws.com/photos/366716442/medium.jpeg
207329944,2036792,matthewes,Matthew S.,CC-BY-NC,https://inaturalist-open-data.s3.amazonaws.com/photos/366716449/medium.jpeg
208054522,5832657,papaceae,Daniel Papworth,CC-BY-NC,https://inaturalist-open-data.s3.amazonaws.com/photos/368079363/medium.jpeg
209155991,1299959,soterplantopus,Diana Soteropoulos,CC-BY-NC,https://inaturalist-open-data.s3.amazonaws.com/photos/370121375/medium.jpg
212747612,3113425,maksympolyakov,,CC-BY-NC,https://inaturalist-open-data.s3.amazonaws.com/photos/375964062/medium.jpeg
212772175,6011819,ecoelijah,EcoElijah,CC-BY-NC,https://inaturalist-open-data.s3.amazonaws.com/photos/376008052/medium.jpg
213293217,5979008,maddiehall164,,CC-BY-NC,https://inaturalist-open-data.s3.amazonaws.com/photos/376943240/medium.jpeg
213611163,2036792,matthewes,Matthew S.,CC-BY-NC,https://inaturalist-open-data.s3.amazonaws.com/photos/377520924/medium.jpeg
213611167,2036792,matthewes,Matthew S.,CC-BY-NC,https://inaturalist-open-data.s3.amazonaws.com/photos/377520941/medium.jpeg
213625076,890531,scott_bartlam,Scott Bartlam,CC-BY-NC,https://inaturalist-open-data.s3.amazonaws.com/photos/377547092/medium.jpeg
213625243,890531,scott_bartlam,Scott Bartlam,CC-BY-NC,https://inaturalist-open-data.s3.amazonaws.com/photos/377547410/medium.jpeg
213661181,7547633,zeesterre,,CC-BY-NC,https://inaturalist-open-data.s3.amazonaws.com/photos/377559412/medium.jpg
215663270,58997,davidanderson,,CC-BY-NC,https://inaturalist-open-data.s3.amazonaws.com/photos/381324369/medium.jpg
216735796,2036792,matthewes,Matthew S.,CC-BY-NC,https://inaturalist-open-data.s3.amazonaws.com/photos/383340418/medium.jpeg
218061353,7327328,joknight_nz,Joseph Knight,CC-BY-NC,https://inaturalist-open-data.s3.amazonaws.com/photos/385825693/medium.jpg
218061358,7327328,joknight_nz,Joseph Knight,CC-BY-NC,https://inaturalist-open-data.s3.amazonaws.com/photos/385825749/medium.jpg
218061403,7327328,joknight_nz,Joseph Knight,CC-BY-NC,https://inaturalist-open-data.s3.amazonaws.com/photos/385826756/medium.jpg
218061405,7327328,joknight_nz,Joseph Knight,CC-BY-NC,https://inaturalist-open-data.s3.amazonaws.com/photos/385826818/medium.jpg
218061406,7327328,joknight_nz,Joseph Knight,CC-BY-NC,https://inaturalist-open-data.s3.amazonaws.com/photos/385826881/medium.jpg
218061493,7327328,joknight_nz,Joseph Knight,CC-BY-NC,https://inaturalist-open-data.s3.amazonaws.com/photos/385828127/medium.jpg
218061498,7327328,joknight_nz,Joseph Knight,CC-BY-NC,https://inaturalist-open-data.s3.amazonaws.com/photos/385828187/medium.jpg
218061506,7327328,joknight_nz,Joseph Knight,CC-BY-NC,https://inaturalist-open-data.s3.amazonaws.com/photos/385828363/medium.jpg
218061511,7327328,joknight_nz,Joseph Knight,CC-BY-NC,https://inaturalist-open-data.s3.amazonaws.com/photos/385828487/medium.jpg
218308047,7327328,joknight_nz,Joseph Knight,CC-BY-NC,https://inaturalist-open-data.s3.amazonaws.com/photos/386293055/medium.jpg
218308104,7327328,joknight_nz,Joseph Knight,CC-BY-NC,https://inaturalist-open-data.s3.amazonaws.com/photos/386293655/medium.jpg
218803686,3593838,adlord,Arianna Lord,CC-BY-NC,https://inaturalist-open-data.s3.amazonaws.com/photos/387223588/medium.jpg
219465564,417599,luke_sutton,Luke Sutton,CC-BY-NC,https://inaturalist-open-data.s3.amazonaws.com/photos/388462433/medium.jpg
219953145,6104243,davidkaipatiki,David Hayes,CC-BY-NC,https://inaturalist-open-data.s3.amazonaws.com/photos/389371293/medium.jpeg
221458357,3168064,hazeldash,Toni Young,CC-BY-NC,https://inaturalist-open-data.s3.amazonaws.com/photos/392186621/medium.jpeg
225052198,8039435,ltimmo,L Timmo,CC-BY-NC,https://inaturalist-open-data.s3.amazonaws.com/photos/398963934/medium.jpeg
225073830,94141,mtsct,Mountains to Sea Conservation Trust,CC-BY-NC,https://inaturalist-open-data.s3.amazonaws.com/photos/399002585/medium.jpeg
225622589,5226626,braydonburton,,CC-BY-NC,https://inaturalist-open-data.s3.amazonaws.com/photos/400042492/medium.jpg
228390576,7632254,lucydeannz,Lucy Dean,CC-BY-NC,https://inaturalist-open-data.s3.amazonaws.com/photos/405286322/medium.jpeg
228765160,5707081,marst,Snigdha Tewary,CC-BY-NC,https://inaturalist-open-data.s3.amazonaws.com/photos/405997754/medium.jpeg
229201122,7646294,theadoraphyte,,CC-BY-NC,https://inaturalist-open-data.s3.amazonaws.com/photos/406810186/medium.jpeg
230040829,7412025,caiden_b,Caiden B,CC-BY-NC,https://inaturalist-open-data.s3.amazonaws.com/photos/408416691/medium.jpeg
230693163,6405132,kee09,Keegan Tinsel,CC-BY-NC,https://inaturalist-open-data.s3.amazonaws.com/photos/409642870/medium.jpeg
230702982,8039435,ltimmo,L Timmo,CC-BY-NC,https://inaturalist-open-data.s3.amazonaws.com/photos/409666297/medium.jpeg
232120155,110580,dougalt,Dougal Townsend,CC-BY-NC,https://inaturalist-open-data.s3.amazonaws.com/photos/412332478/medium.jpg
233638461,6765744,malva_l,,CC-BY-NC,https://inaturalist-open-data.s3.amazonaws.com/photos/415242745/medium.jpeg
234120698,8230793,georgiadearing,,CC-BY-NC,https://inaturalist-open-data.s3.amazonaws.com/photos/416159717/medium.jpeg
235659682,4859156,alejandromfx,,CC-BY-NC,https://inaturalist-open-data.s3.amazonaws.com/photos/419138099/medium.jpeg
238201834,3567268,tankoda,Travis Nolan,CC-BY-NC,https://inaturalist-open-data.s3.amazonaws.com/photos/424044354/medium.jpeg
238353848,4178646,dan_photography,Dan On Earth,CC-BY-NC,https://inaturalist-open-data.s3.amazonaws.com/photos/424332884/medium.jpeg
239751600,8378940,krsiegers,,CC-BY-NC,https://inaturalist-open-data.s3.amazonaws.com/photos/427050971/medium.jpeg
242368350,3416237,gulsmor,Ren Deru,CC-BY-NC,https://inaturalist-open-data.s3.amazonaws.com/photos/432086110/medium.jpeg
242368366,3416237,gulsmor,Ren Deru,CC-BY-NC,https://inaturalist-open-data.s3.amazonaws.com/photos/432086139/medium.jpeg
242376437,3416237,gulsmor,Ren Deru,CC-BY-NC,https://inaturalist-open-data.s3.amazonaws.com/photos/432102119/medium.jpeg
242376629,3416237,gulsmor,Ren Deru,CC-BY-NC,https://inaturalist-open-data.s3.amazonaws.com/photos/432102529/medium.jpeg
242376647,3416237,gulsmor,Ren Deru,CC-BY-NC,https://inaturalist-open-data.s3.amazonaws.com/photos/432102546/medium.jpeg
243013052,4733175,glebglub,A Xiong,CC-BY-NC,https://inaturalist-open-data.s3.amazonaws.com/photos/433282629/medium.jpeg
243013100,4733175,glebglub,A Xiong,CC-BY-NC,https://inaturalist-open-data.s3.amazonaws.com/photos/433282768/medium.jpeg
243013925,7465677,melodycameron,,CC-BY-NC,https://inaturalist-open-data.s3.amazonaws.com/photos/433284413/medium.jpeg
243013952,7465677,melodycameron,,CC-BY-NC,https://inaturalist-open-data.s3.amazonaws.com/photos/433284458/medium.jpeg
243014000,7465677,melodycameron,,CC-BY-NC,https://inaturalist-open-data.s3.amazonaws.com/photos/433284570/medium.jpeg
243171771,59202,skinkysam,Sam Haultain,CC-BY-NC,https://inaturalist-open-data.s3.amazonaws.com/photos/433574689/medium.jpeg
244645623,2258530,benackerley,Ben Ackerley,CC-BY-NC,https://inaturalist-open-data.s3.amazonaws.com/photos/436425438/medium.jpeg
244666771,2258530,benackerley,Ben Ackerley,CC-BY-NC,https://inaturalist-open-data.s3.amazonaws.com/photos/436467492/medium.jpeg
244876884,2258530,benackerley,Ben Ackerley,CC-BY-NC,https://inaturalist-open-data.s3.amazonaws.com/photos/436881592/medium.jpeg
244957773,2258530,benackerley,Ben Ackerley,CC-BY-NC,https://inaturalist-open-data.s3.amazonaws.com/photos/437034638/medium.jpeg
245035633,2258530,benackerley,Ben Ackerley,CC-BY-NC,https://inaturalist-open-data.s3.amazonaws.com/photos/437187488/medium.jpeg
245328911,57556,staceybyers,Stacey Byers,CC-BY-NC,https://inaturalist-open-data.s3.amazonaws.com/photos/437757758/medium.jpeg
245328920,8632505,katieschubel,,CC-BY-NC,https://inaturalist-open-data.s3.amazonaws.com/photos/437757773/medium.jpeg
247013207,1884120,jaznmorris,Jaz Morris,CC-BY-NC,https://inaturalist-open-data.s3.amazonaws.com/photos/441082157/medium.jpeg
248707082,1792902,sjmoore,Sue Moore,CC-BY-NC,https://inaturalist-open-data.s3.amazonaws.com/photos/444447268/medium.jpeg
248842877,4003793,localnaturespotter,David Hyongchan Kim,CC-BY-NC,https://inaturalist-open-data.s3.amazonaws.com/photos/444717647/medium.jpeg
249224561,8689445,evilmusic,Fin,CC-BY-NC,https://inaturalist-open-data.s3.amazonaws.com/photos/445466164/medium.jpeg
249592770,8689445,evilmusic,Fin,CC-BY-NC,https://inaturalist-open-data.s3.amazonaws.com/photos/446201033/medium.jpeg
249972514,7327328,joknight_nz,Joseph Knight,CC-BY-NC,https://inaturalist-open-data.s3.amazonaws.com/photos/446956933/medium.jpeg
251099345,8176988,jw_nz,,CC-BY-NC,https://inaturalist-open-data.s3.amazonaws.com/photos/449221239/medium.jpeg
251108407,5226626,braydonburton,,CC-BY-NC,https://inaturalist-open-data.s3.amazonaws.com/photos/449240428/medium.jpeg
251408549,7953021,rmyhre,,CC-BY-NC,https://inaturalist-open-data.s3.amazonaws.com/photos/449842259/medium.jpeg
251585593,1897897,corokid,corokid,CC-BY-NC,https://inaturalist-open-data.s3.amazonaws.com/photos/450188493/medium.jpeg
252214632,8404486,snelson182,,CC-BY-NC,https://inaturalist-open-data.s3.amazonaws.com/photos/451511088/medium.jpeg
252553464,5232481,dragonfly34,Abby L,CC-BY-NC,https://inaturalist-open-data.s3.amazonaws.com/photos/452123754/medium.jpeg
254057470,2734497,mishsgame,,CC-BY-NC,https://static.inaturalist.org/photos/454986531/medium.jpeg
256342134,4570301,annatolgyesi,Anna T枚lgyesi,CC-BY-NC,https://inaturalist-open-data.s3.amazonaws.com/photos/459546622/medium.jpeg
263025368,8958032,swan_lake14,,CC-BY-NC,https://inaturalist-open-data.s3.amazonaws.com/photos/472444039/medium.jpeg
113782797,1782716,jeanro,Jean Roger,CC-BY-NC-ND,https://inaturalist-open-data.s3.amazonaws.com/photos/192199167/medium.jpg
113782803,1782716,jeanro,Jean Roger,CC-BY-NC-ND,https://inaturalist-open-data.s3.amazonaws.com/photos/192199223/medium.jpg
113782881,1782716,jeanro,Jean Roger,CC-BY-NC-ND,https://inaturalist-open-data.s3.amazonaws.com/photos/192199606/medium.jpg
114093836,1782716,jeanro,Jean Roger,CC-BY-NC-ND,https://inaturalist-open-data.s3.amazonaws.com/photos/192694749/medium.jpg
167688851,1782716,jeanro,Jean Roger,CC-BY-NC-ND,https://inaturalist-open-data.s3.amazonaws.com/photos/290521791/medium.jpg
97525074,3663079,marara_vb,Marara Van Buuren,CC-BY-NC-SA,https://inaturalist-open-data.s3.amazonaws.com/photos/162210239/medium.jpeg
109016363,623867,jordi_nz,Jordi Tablada,CC-BY-NC-SA,https://inaturalist-open-data.s3.amazonaws.com/photos/183659669/medium.jpeg
144873270,1354819,schneehagen,Uwe Schneehagen,CC-BY-SA,https://inaturalist-open-data.s3.amazonaws.com/photos/248747170/medium.jpg
